Start time:, 1647328255902809191
End time:, 1647328255928152559
Total time:, 25343368

Reaction Executions
Reactor, Reaction, Occurrences, Total Time, Pct Total Time, Avg Time, Max Time, Min Time
NO REACTOR, 0, 1, 3708, 0.014631, 3708, 3708, 3708
runner, 0, 1, 47975, 0.189300, 47975, 47975, 47975
runner, 1, 13, 10626, 0.041928, 817, 5805, 270
runner, 2, 12, 102719, 0.405309, 8559, 22720, 4802
runner, 3, 1, 6270, 0.024740, 6270, 6270, 6270
sink, 0, 12, 1904, 0.007513, 158, 283, 68
sink, 1, 15, 21328, 0.084156, 1421, 2717, 675
worker, 0, 15, 6009, 0.023710, 400, 560, 216
worker, 2, 15, 1824742, 7.200077, 121649, 398759, 829
worker, 3, 12, 1123072, 4.431424, 93589, 658223, 674
worker, 0, 15, 5381, 0.021232, 358, 867, 130
worker, 1, 2, 1309, 0.005165, 654, 703, 606
worker, 2, 15, 2580894, 10.183706, 172059, 641476, 1116
worker, 3, 12, 1467416, 5.790138, 122284, 618898, 228
worker, 0, 15, 23161, 0.091389, 1544, 17787, 273
worker, 1, 15, 12042, 0.047515, 802, 1539, 453
worker, 2, 15, 1031774, 4.071179, 68784, 292511, 3770
worker, 3, 12, 1085430, 4.282896, 90452, 787222, 5207
worker, 0, 15, 7521, 0.029676, 501, 990, 219
worker, 1, 15, 13946, 0.055028, 929, 1547, 460
worker, 2, 15, 539306, 2.127997, 35953, 134527, 1233
worker, 3, 12, 2141659, 8.450570, 178471, 887164, 6226
worker, 0, 15, 5395, 0.021288, 359, 634, 214
worker, 1, 13, 24909, 0.098286, 1916, 14080, 359
worker, 2, 15, 1851320, 7.304949, 123421, 542467, 2111
worker, 3, 12, 647978, 2.556795, 53998, 249553, 3997
worker, 0, 15, 6258, 0.024693, 417, 708, 230
worker, 1, 15, 12133, 0.047874, 808, 1468, 311
worker, 2, 15, 2474582, 9.764219, 164972, 538867, 3272
worker, 3, 12, 1892408, 7.467074, 157700, 704283, 6773
worker, 0, 15, 5122, 0.020210, 341, 687, 127
worker, 1, 14, 14772, 0.058287, 1055, 1673, 672
worker, 2, 15, 1211027, 4.778477, 80735, 480000, 3501
worker, 3, 12, 1963544, 7.747763, 163628, 483662, 4578
worker, 0, 15, 6168, 0.024338, 411, 908, 198
worker, 1, 14, 10713, 0.042271, 765, 1240, 350
worker, 2, 15, 1111718, 4.386623, 74114, 386144, 818
worker, 3, 12, 1535162, 6.057451, 127930, 680620, 898
worker, 0, 15, 5356, 0.021134, 357, 586, 111
worker, 1, 14, 14062, 0.055486, 1004, 1470, 474
worker, 2, 15, 1534585, 6.055174, 102305, 583295, 2710
worker, 3, 12, 1485964, 5.863325, 123830, 583026, 2612
worker, 0, 15, 5302, 0.020921, 353, 456, 274
worker, 1, 2, 1558, 0.006148, 779, 1135, 423
worker, 2, 15, 1977696, 7.803604, 131846, 646729, 4350
worker, 3, 12, 2799851, 11.047667, 233320, 674604, 5170
worker, 0, 15, 6592, 0.026011, 439, 954, 206
worker, 1, 2, 1820, 0.007181, 910, 915, 905
worker, 2, 15, 2649358, 10.453851, 176623, 650004, 5230
worker, 3, 12, 2812489, 11.097534, 234374, 938571, 4559
worker, 0, 15, 4874, 0.019232, 324, 420, 213
worker, 1, 2, 1871, 0.007383, 935, 1022, 849
worker, 2, 15, 979624, 3.865406, 65308, 390708, 2645
worker, 3, 12, 2533563, 9.996947, 211130, 951937, 6446
worker, 0, 15, 19845, 0.078305, 1323, 14696, 137
worker, 1, 2, 1372, 0.005414, 686, 805, 567
worker, 2, 15, 1424072, 5.619111, 94938, 456142, 1789
worker, 3, 12, 2013997, 7.946840, 167833, 485907, 6254
worker, 0, 15, 6097, 0.024058, 406, 643, 272
worker, 1, 14, 13766, 0.054318, 983, 1511, 349
worker, 2, 15, 1611796, 6.359833, 107453, 362986, 4963
worker, 3, 12, 2783261, 10.982206, 231938, 975699, 6501
worker, 0, 15, 5706, 0.022515, 380, 616, 247
worker, 1, 14, 16208, 0.063954, 1157, 2634, 656
worker, 2, 15, 1203423, 4.748473, 80228, 339395, 3769
worker, 3, 12, 2422213, 9.557581, 201851, 730454, 7067
worker, 0, 15, 5217, 0.020585, 347, 473, 240
worker, 1, 14, 15464, 0.061018, 1104, 1802, 657
worker, 2, 15, 1935788, 7.638243, 129052, 521120, 3726
worker, 3, 12, 4237959, 16.722162, 353163, 982086, 15784
worker, 0, 15, 6904, 0.027242, 460, 1047, 254
worker, 1, 14, 11882, 0.046884, 848, 1598, 460
worker, 2, 15, 857465, 3.383390, 57164, 290410, 2006
worker, 3, 12, 2146498, 8.469664, 178874, 691536, 854
worker, 0, 15, 6425, 0.025352, 428, 705, 270
worker, 1, 14, 11444, 0.045156, 817, 1234, 436
worker, 2, 15, 743967, 2.935549, 49597, 268194, 1375
worker, 3, 12, 2280411, 8.998058, 190034, 1018701, 6306
worker, 0, 15, 6933, 0.027356, 462, 833, 210
worker, 1, 14, 15071, 0.059467, 1076, 1732, 390
worker, 2, 15, 784552, 3.095690, 52303, 297452, 4080
worker, 3, 12, 3156398, 12.454532, 263033, 1026438, 23307
worker, 0, 15, 6733, 0.026567, 448, 960, 220
worker, 1, 15, 15864, 0.062596, 1057, 1683, 338
worker, 2, 15, 2003706, 7.906234, 133580, 414821, 6395
worker, 3, 12, 2907732, 11.473345, 242311, 1052143, 8123
worker, 0, 15, 4654, 0.018364, 310, 437, 137
worker, 1, 3, 3193, 0.012599, 1064, 1603, 765
worker, 2, 15, 1186627, 4.682199, 79108, 415299, 1450
worker, 3, 12, 1070532, 4.224111, 89211, 276794, 6287
worker, 0, 15, 5833, 0.023016, 388, 966, 227
worker, 1, 3, 3910, 0.015428, 1303, 2004, 805
worker, 2, 15, 2138991, 8.440042, 142599, 566885, 985
worker, 3, 12, 2929498, 11.559229, 244124, 583018, 8161
worker, 0, 15, 5002, 0.019737, 333, 732, 190
worker, 1, 3, 2453, 0.009679, 817, 1195, 548
worker, 2, 15, 1399181, 5.520896, 93278, 335521, 3210
worker, 3, 12, 921032, 3.634213, 76752, 389832, 6257
worker, 0, 15, 6207, 0.024492, 413, 720, 219
worker, 1, 2, 2763, 0.010902, 1381, 1540, 1223
worker, 2, 15, 843174, 3.327001, 56211, 378504, 1445
worker, 3, 12, 2448509, 9.661340, 204042, 656777, 5187
worker, 0, 15, 4937, 0.019480, 329, 464, 218
worker, 1, 14, 10935, 0.043147, 781, 1150, 408
worker, 2, 15, 1251925, 4.939853, 83461, 381666, 5320
worker, 3, 12, 1785965, 7.047070, 148830, 397497, 5329
worker, 0, 15, 5994, 0.023651, 399, 733, 154
worker, 1, 14, 12761, 0.050352, 911, 1464, 416
worker, 2, 15, 1774159, 7.000486, 118277, 471346, 6209
worker, 3, 12, 2548988, 10.057811, 212415, 485911, 8230
worker, 0, 15, 6013, 0.023726, 400, 656, 325
worker, 1, 14, 14719, 0.058078, 1051, 1684, 707
worker, 2, 15, 1172526, 4.626560, 78168, 399207, 959
worker, 3, 12, 2884695, 11.382445, 240391, 618504, 900
worker, 0, 15, 6242, 0.024630, 416, 672, 190
worker, 1, 14, 14239, 0.056184, 1017, 1960, 632
worker, 2, 15, 1784552, 7.041495, 118970, 360175, 1443
worker, 3, 12, 1423061, 5.615122, 118588, 458484, 6001
worker, 0, 15, 5191, 0.020483, 346, 727, 100
worker, 1, 14, 14010, 0.055281, 1000, 2784, 487
worker, 2, 15, 2011717, 7.937844, 134114, 481442, 1475
worker, 3, 12, 2887015, 11.391600, 240584, 556009, 341
worker, 0, 15, 5989, 0.023631, 399, 860, 288
worker, 1, 14, 15135, 0.059720, 1081, 1821, 572
worker, 2, 15, 1566737, 6.182039, 104449, 463843, 972
worker, 3, 12, 3104658, 12.250377, 258721, 635296, 295
worker, 0, 15, 5234, 0.020652, 348, 494, 183
worker, 1, 14, 12128, 0.047855, 866, 1667, 547
worker, 2, 15, 3162587, 12.478953, 210839, 592966, 2108
worker, 3, 12, 2829497, 11.164645, 235791, 627035, 279
worker, 0, 15, 6054, 0.023888, 403, 664, 280
worker, 2, 15, 1632271, 6.440624, 108818, 364168, 604
worker, 3, 12, 1605314, 6.334257, 133776, 480506, 299
worker, 0, 15, 6334, 0.024993, 422, 964, 237
worker, 1, 2, 2059, 0.008124, 1029, 1045, 1014
worker, 2, 15, 2464623, 9.724923, 164308, 410586, 1481
worker, 3, 12, 2038678, 8.044227, 169889, 570857, 1124
worker, 0, 15, 4693, 0.018518, 312, 400, 229
worker, 1, 2, 1253, 0.004944, 626, 697, 556
worker, 2, 15, 2183495, 8.615647, 145566, 499920, 1428
worker, 3, 12, 3598095, 14.197383, 299841, 651090, 308
worker, 0, 15, 5907, 0.023308, 393, 637, 170
worker, 1, 2, 1551, 0.006120, 775, 827, 724
worker, 2, 15, 1027568, 4.054583, 68504, 224124, 5561
worker, 3, 12, 3060287, 12.075297, 255023, 822245, 8113
worker, 0, 15, 3829, 0.015108, 255, 663, 123
worker, 1, 12, 10063, 0.039707, 838, 1458, 522
worker, 2, 15, 1810847, 7.145250, 120723, 611574, 1520
worker, 3, 12, 2330526, 9.195802, 194210, 553623, 624
worker, 0, 15, 6913, 0.027277, 460, 936, 239
worker, 1, 15, 14493, 0.057187, 966, 1590, 592
worker, 2, 15, 850661, 3.356543, 56710, 252594, 4118
worker, 3, 12, 2657026, 10.484108, 221418, 660340, 3492
worker, 0, 15, 7053, 0.027830, 470, 699, 213
worker, 1, 15, 15030, 0.059305, 1002, 1811, 535
worker, 2, 15, 1054273, 4.159956, 70284, 331957, 927
worker, 3, 12, 2967906, 11.710780, 247325, 787258, 714
worker, 0, 15, 5581, 0.022022, 372, 704, 142
worker, 1, 15, 14716, 0.058066, 981, 1573, 557
worker, 2, 15, 2577452, 10.170124, 171830, 559313, 2400
worker, 3, 12, 1391445, 5.490371, 115953, 408893, 527
worker, 0, 15, 5094, 0.020100, 339, 737, 153
worker, 1, 15, 14781, 0.058323, 985, 2013, 291
worker, 2, 15, 1769428, 6.981819, 117961, 635251, 5835
worker, 3, 12, 1003473, 3.959509, 83622, 445043, 525
worker, 0, 15, 6234, 0.024598, 415, 572, 340
worker, 1, 14, 14866, 0.058658, 1061, 1691, 487
worker, 2, 15, 1584796, 6.253297, 105653, 503719, 2041
worker, 3, 12, 1167372, 4.606223, 97281, 458742, 529
worker, 0, 15, 10540, 0.041589, 702, 4748, 324
worker, 1, 12, 11410, 0.045022, 950, 2235, 449
worker, 2, 15, 1773212, 6.996750, 118214, 386531, 1396
worker, 3, 12, 836509, 3.300702, 69709, 597474, 495
worker, 0, 15, 6986, 0.027565, 465, 808, 197
worker, 1, 2, 2008, 0.007923, 1004, 1152, 856
worker, 2, 15, 1079358, 4.258937, 71957, 416921, 4933
worker, 3, 12, 1911866, 7.543851, 159322, 788821, 2515
worker, 0, 15, 11104, 0.043814, 740, 4995, 275
worker, 1, 2, 1993, 0.007864, 996, 1120, 873
worker, 2, 15, 930238, 3.670538, 62015, 297774, 1314
worker, 3, 12, 1446132, 5.706156, 120511, 634614, 1367
worker, 0, 15, 6354, 0.025072, 423, 795, 251
worker, 1, 2, 1416, 0.005587, 708, 968, 448
worker, 2, 15, 1501795, 5.925791, 100119, 561872, 1356
worker, 3, 12, 858710, 3.388303, 71559, 232214, 1637
worker, 0, 15, 7010, 0.027660, 467, 987, 142
worker, 2, 15, 944082, 3.725164, 62938, 377822, 3382
worker, 3, 12, 983020, 3.878806, 81918, 442059, 2080
worker, 0, 15, 6299, 0.024855, 419, 673, 243
worker, 1, 14, 12383, 0.048861, 884, 1607, 384
worker, 2, 15, 1524484, 6.015317, 101632, 410773, 1215
worker, 3, 12, 2563646, 10.115648, 213637, 763056, 1032
worker, 0, 15, 7741, 0.030544, 516, 1044, 277
worker, 1, 14, 13880, 0.054768, 991, 1393, 414
worker, 2, 15, 2006855, 7.918659, 133790, 614157, 7052
worker, 3, 12, 1375405, 5.427081, 114617, 333949, 4953
worker, 0, 15, 4832, 0.019066, 322, 496, 200
worker, 1, 14, 14766, 0.058264, 1054, 1957, 365
worker, 2, 15, 1148270, 4.530850, 76551, 261801, 2106
worker, 3, 12, 969790, 3.826603, 80815, 321057, 5330
worker, 0, 15, 4705, 0.018565, 313, 878, 154
worker, 1, 14, 96249, 0.379780, 6874, 83133, 602
worker, 2, 15, 2660622, 10.498297, 177374, 575348, 2422
worker, 3, 12, 1281498, 5.056542, 106791, 503136, 1463
worker, 0, 15, 6069, 0.023947, 404, 637, 290
worker, 1, 14, 14349, 0.056618, 1024, 1848, 526
worker, 2, 15, 1366094, 5.390341, 91072, 435150, 4979
worker, 3, 12, 1696427, 6.693771, 141368, 494222, 5173
worker, 0, 15, 6790, 0.026792, 452, 892, 189
worker, 1, 14, 17046, 0.067260, 1217, 2423, 375
worker, 2, 15, 1843478, 7.274006, 122898, 564688, 1970
worker, 3, 12, 736253, 2.905111, 61354, 290028, 1473
worker, 0, 15, 5986, 0.023620, 399, 1083, 182
worker, 1, 14, 16056, 0.063354, 1146, 4216, 429
worker, 2, 15, 2282352, 9.005717, 152156, 520171, 6492
worker, 3, 12, 1801927, 7.110053, 150160, 471072, 4850
worker, 0, 15, 6486, 0.025592, 432, 785, 308
worker, 1, 3, 2430, 0.009588, 810, 962, 680
worker, 2, 15, 1457121, 5.749516, 97141, 405924, 807
worker, 3, 12, 1775435, 7.005521, 147952, 719261, 1440
worker, 0, 15, 6182, 0.024393, 412, 920, 185
worker, 1, 3, 4549, 0.017949, 1516, 1867, 1216
worker, 2, 15, 1073041, 4.234011, 71536, 315838, 1654
worker, 3, 12, 1127119, 4.447392, 93926, 440433, 1704
worker, 0, 15, 4705, 0.018565, 313, 752, 132
worker, 1, 1, 957, 0.003776, 957, 957, 957
worker, 2, 15, 2440887, 9.631265, 162725, 530437, 1164
worker, 3, 12, 1475183, 5.820785, 122931, 467969, 1676
worker, 0, 15, 3662, 0.014450, 244, 544, 120
worker, 1, 3, 3476, 0.013716, 1158, 1449, 758
worker, 2, 15, 1674320, 6.606541, 111621, 557713, 1557
worker, 3, 12, 1970201, 7.774030, 164183, 460883, 666
worker, 0, 15, 5533, 0.021832, 368, 531, 309
worker, 1, 14, 11010, 0.043443, 786, 1015, 385
worker, 2, 15, 857380, 3.383055, 57158, 573034, 5003
worker, 3, 12, 1489623, 5.877763, 124135, 484622, 1640
worker, 0, 15, 5867, 0.023150, 391, 889, 190
worker, 1, 14, 13299, 0.052475, 949, 1408, 616
worker, 2, 15, 1249294, 4.929471, 83286, 346413, 1338
worker, 3, 12, 757544, 2.989121, 63128, 365368, 1203
worker, 0, 15, 6790, 0.026792, 452, 1066, 181
worker, 1, 12, 12441, 0.049090, 1036, 1915, 724
worker, 2, 15, 936975, 3.697121, 62465, 285584, 1516
worker, 3, 12, 1148570, 4.532034, 95714, 734760, 889
worker, 0, 15, 6348, 0.025048, 423, 933, 106
worker, 1, 14, 14932, 0.058919, 1066, 1430, 702
worker, 2, 15, 753049, 2.971385, 50203, 243087, 4963
worker, 3, 12, 1941217, 7.659665, 161768, 736857, 3603
worker, 0, 15, 5413, 0.021359, 360, 545, 210
worker, 1, 14, 14009, 0.055277, 1000, 2970, 344
worker, 2, 15, 1273506, 5.025007, 84900, 307470, 1512
worker, 3, 12, 936380, 3.694773, 78031, 357325, 870
worker, 0, 15, 6391, 0.025218, 426, 800, 245
worker, 1, 14, 12300, 0.048533, 878, 1184, 478
worker, 2, 15, 1493043, 5.891257, 99536, 476876, 3847
worker, 3, 12, 1284078, 5.066722, 107006, 489399, 877
worker, 0, 15, 7074, 0.027913, 471, 792, 187
worker, 1, 14, 15537, 0.061306, 1109, 1615, 591
worker, 2, 15, 567365, 2.238712, 37824, 255777, 3194
worker, 3, 12, 1778291, 7.016790, 148190, 495878, 1888
worker, 0, 15, 7104, 0.028031, 473, 1113, 168
worker, 1, 2, 1854, 0.007316, 927, 966, 888
worker, 2, 15, 1864340, 7.356323, 124289, 644248, 4034
worker, 3, 12, 1121206, 4.424061, 93433, 492761, 5145
worker, 0, 15, 5432, 0.021434, 362, 821, 117
worker, 1, 2, 1993, 0.007864, 996, 1125, 868
worker, 2, 15, 1590460, 6.275646, 106030, 391861, 4344
worker, 3, 12, 538532, 2.124943, 44877, 237771, 6984
worker, 0, 15, 5005, 0.019749, 333, 446, 174
worker, 1, 2, 1590, 0.006274, 795, 824, 766
worker, 2, 15, 1992674, 7.862704, 132844, 536495, 1443
worker, 3, 12, 1509303, 5.955416, 125775, 391271, 787
worker, 0, 15, 6619, 0.026117, 441, 1141, 140
worker, 1, 2, 1575, 0.006215, 787, 830, 745
worker, 2, 15, 976249, 3.852089, 65083, 265019, 2125
worker, 3, 12, 483021, 1.905907, 40251, 392550, 770
worker, 0, 15, 4501, 0.017760, 300, 418, 226
worker, 1, 14, 12767, 0.050376, 911, 1346, 437
worker, 2, 15, 1647328255906408404, 6500036837670.542969, 109821883727093893, 1647328255905106271, 1435
worker, 3, 12, 350174, 1.381718, 29181, 212413, 977
worker, 0, 15, 4947, 0.019520, 329, 576, 136
worker, 1, 12, 10603, 0.041837, 883, 1570, 470
worker, 2, 15, 899575, 3.549548, 59971, 299195, 2017
worker, 3, 12, 1460698, 5.763630, 121724, 432333, 469
worker, 0, 15, 5894, 0.023257, 392, 637, 160
worker, 1, 15, 12083, 0.047677, 805, 1272, 457
worker, 2, 15, 754152, 2.975737, 50276, 244659, 1133
worker, 3, 12, 483002, 1.905832, 40250, 298067, 633
worker, 0, 15, 4935, 0.019473, 329, 497, 178
worker, 1, 15, 14553, 0.057423, 970, 1827, 536
worker, 2, 15, 3207221, 12.655070, 213814, 609953, 805
worker, 3, 12, 1245509, 4.914536, 103792, 438940, 593
worker, 0, 15, 5410, 0.021347, 360, 1040, 80
worker, 1, 15, 30378, 0.119866, 2025, 17528, 490
worker, 2, 15, 3552577, 14.017778, 236838, 601279, 2498
worker, 3, 12, 1026371, 4.049860, 85530, 324835, 5695
worker, 0, 15, 6181, 0.024389, 412, 633, 320
worker, 1, 15, 14574, 0.057506, 971, 1385, 570
worker, 2, 15, 1791931, 7.070611, 119462, 524378, 4789
worker, 3, 12, 1247267, 4.921473, 103938, 382759, 2187
worker, 0, 15, 5680, 0.022412, 378, 755, 235
worker, 1, 15, 16085, 0.063468, 1072, 1680, 653
worker, 2, 15, 1634807, 6.450630, 108987, 473990, 1210
worker, 3, 12, 1167898, 4.608298, 97324, 319485, 2023
worker, 0, 15, 6645, 0.026220, 443, 753, 263
worker, 1, 2, 2068, 0.008160, 1034, 1263, 805
worker, 2, 15, 1690895, 6.671943, 112726, 418280, 1117
worker, 3, 12, 724644, 2.859304, 60387, 377219, 4887
worker, 0, 15, 6836, 0.026974, 455, 880, 206
worker, 1, 2, 1719, 0.006783, 859, 894, 825
worker, 2, 15, 1028935, 4.059977, 68595, 398105, 4828
worker, 3, 12, 562180, 2.218253, 46848, 377760, 4795
worker, 0, 15, 6748, 0.026626, 449, 1217, 229
worker, 1, 2, 2337, 0.009221, 1168, 1446, 891
worker, 2, 15, 690966, 2.726417, 46064, 263158, 1130
worker, 3, 12, 183019, 0.722157, 15251, 118704, 4472
worker, 0, 15, 5804, 0.022901, 386, 808, 143
worker, 1, 2, 1745, 0.006885, 872, 1143, 602
worker, 2, 15, 1294339, 5.107210, 86289, 380886, 4320
worker, 3, 12, 680906, 2.686723, 56742, 310753, 2080
worker, 0, 15, 7922, 0.031259, 528, 1065, 272
worker, 1, 14, 11890, 0.046916, 849, 1486, 338
worker, 2, 15, 1509939, 5.957926, 100662, 287713, 3207
worker, 3, 12, 287669, 1.135086, 23972, 120141, 2307
worker, 0, 15, 6221, 0.024547, 414, 873, 278
worker, 1, 14, 18143, 0.071589, 1295, 4730, 718
worker, 2, 15, 2508231, 9.896992, 167215, 494604, 7238
worker, 3, 12, 679293, 2.680358, 56607, 331811, 5611
worker, 0, 15, 7182, 0.028339, 478, 943, 240
worker, 1, 14, 13270, 0.052361, 947, 1730, 556
worker, 2, 15, 1668467, 6.583446, 111231, 353229, 4936
worker, 3, 12, 982217, 3.875637, 81851, 335095, 5480
worker, 0, 15, 8197, 0.032344, 546, 995, 191
worker, 1, 14, 13773, 0.054346, 983, 1486, 384
worker, 2, 15, 1312503, 5.178882, 87500, 343545, 4434
worker, 3, 12, 1075753, 4.244712, 89646, 360139, 2483
worker, 0, 15, 6123, 0.024160, 408, 760, 255
worker, 1, 14, 13745, 0.054235, 981, 1593, 467
worker, 2, 15, 2557316, 10.090671, 170487, 490125, 852
worker, 3, 12, 386232, 1.523996, 32186, 346756, 530
worker, 0, 15, 6526, 0.025750, 435, 748, 249
worker, 1, 14, 13732, 0.054184, 980, 1800, 519
worker, 2, 15, 1191145, 4.700026, 79409, 461106, 1658
worker, 3, 12, 425891, 1.680483, 35490, 363489, 788
worker, 0, 15, 6437, 0.025399, 429, 954, 296
worker, 1, 14, 13488, 0.053221, 963, 1604, 462
worker, 2, 15, 1636326, 6.456624, 109088, 426373, 1746
worker, 3, 12, 1441302, 5.687097, 120108, 369306, 2612
worker, 0, 15, 33994, 0.134134, 2266, 28208, 234
worker, 2, 15, 2990734, 11.800855, 199382, 432272, 3183
worker, 3, 12, 1200003, 4.734978, 100000, 468875, 1918
worker, 0, 15, 5750, 0.022688, 383, 539, 269
worker, 1, 3, 2542, 0.010030, 847, 998, 704
worker, 2, 15, 1457405, 5.750637, 97160, 312789, 1400
worker, 3, 12, 1284941, 5.070127, 107078, 344657, 1375
worker, 0, 15, 5424, 0.021402, 361, 723, 139
worker, 1, 3, 3299, 0.013017, 1099, 1655, 807
worker, 2, 15, 1203611, 4.749215, 80240, 393004, 4660
worker, 3, 12, 1046440, 4.129049, 87203, 380578, 1202
worker, 0, 15, 6514, 0.025703, 434, 940, 203
worker, 1, 3, 2615, 0.010318, 871, 1374, 458
worker, 2, 15, 1053734, 4.157829, 70248, 498451, 1188
worker, 3, 12, 58038, 0.229007, 4836, 8214, 828
worker, 0, 15, 6317, 0.024926, 421, 960, 190
worker, 1, 15, 15022, 0.059274, 1001, 1617, 518
worker, 2, 15, 1176521, 4.642323, 78434, 343052, 5021
worker, 3, 12, 837719, 3.305476, 69809, 297047, 3119
worker, 0, 15, 5961, 0.023521, 397, 690, 290
worker, 1, 15, 13519, 0.053343, 901, 1390, 600
worker, 2, 15, 1863536, 7.353151, 124235, 320567, 5400
worker, 3, 12, 1154653, 4.556036, 96221, 341800, 1378
worker, 0, 15, 6307, 0.024886, 420, 677, 254
worker, 1, 14, 12767, 0.050376, 911, 1468, 603
worker, 2, 15, 2017713, 7.961503, 134514, 337127, 1409
worker, 3, 12, 190380, 0.751202, 15865, 150750, 454
worker, 0, 15, 7033, 0.027751, 468, 1117, 219
worker, 1, 14, 15690, 0.061910, 1120, 1863, 522
worker, 2, 15, 590472, 2.329888, 39364, 252322, 1295
worker, 3, 12, 503468, 1.986587, 41955, 239498, 3169
worker, 0, 15, 6215, 0.024523, 414, 1007, 198
worker, 1, 14, 12278, 0.048447, 877, 1717, 479
worker, 2, 15, 236688, 0.933925, 15779, 100989, 878
worker, 3, 12, 1278240, 5.043686, 106520, 308155, 614
worker, 0, 15, 6296, 0.024843, 419, 602, 266
worker, 1, 14, 13809, 0.054488, 986, 1622, 531
worker, 2, 15, 918908, 3.625832, 61260, 197639, 3169
worker, 3, 12, 421511, 1.663200, 35125, 137101, 756
worker, 0, 15, 6960, 0.027463, 464, 1080, 262
worker, 1, 12, 10968, 0.043278, 914, 1342, 490
worker, 2, 15, 1488976, 5.875210, 99265, 197298, 1791
worker, 3, 12, 1027868, 4.055767, 85655, 263584, 976
worker, 0, 15, 5722, 0.022578, 381, 659, 177
worker, 1, 2, 2002, 0.007900, 1001, 1124, 878
worker, 2, 15, 2076469, 8.193343, 138431, 456978, 4167
worker, 3, 12, 569453, 2.246951, 47454, 255054, 1861
worker, 0, 15, 6450, 0.025450, 430, 993, 246
worker, 1, 2, 1743, 0.006878, 871, 993, 750
worker, 2, 15, 1024471, 4.042363, 68298, 293721, 1600
worker, 3, 12, 653049, 2.576804, 54420, 304781, 1458
worker, 0, 15, 7137, 0.028161, 475, 990, 230
worker, 1, 2, 1665, 0.006570, 832, 1023, 642
worker, 2, 15, 922479, 3.639923, 61498, 297496, 1230
worker, 3, 12, 564323, 2.226709, 47026, 144297, 1390
worker, 0, 15, 6667, 0.026307, 444, 813, 227
worker, 1, 12, 9701, 0.038278, 808, 1210, 380
worker, 2, 15, 1478210, 5.832729, 98547, 336532, 1609
worker, 3, 12, 565299, 2.230560, 47108, 181229, 4515
worker, 0, 15, 6077, 0.023979, 405, 837, 258
worker, 1, 14, 12566, 0.049583, 897, 1275, 565
worker, 2, 15, 1657402, 6.539786, 110493, 426776, 4167
worker, 3, 12, 816595, 3.222125, 68049, 184059, 1227
worker, 0, 15, 5916, 0.023343, 394, 747, 148
worker, 1, 14, 12693, 0.050084, 906, 1390, 441
worker, 2, 15, 1447300, 5.710764, 96486, 311304, 829
worker, 3, 12, 193822, 0.764784, 16151, 159661, 542
worker, 0, 15, 6496, 0.025632, 433, 815, 219
worker, 1, 14, 14532, 0.057340, 1038, 1577, 498
worker, 2, 15, 1259294, 4.968929, 83952, 243667, 1548
worker, 3, 12, 692636, 2.733007, 57719, 247046, 976
worker, 0, 15, 7339, 0.028958, 489, 1154, 269
worker, 1, 14, 12926, 0.051003, 923, 1246, 494
worker, 2, 15, 1363205, 5.378942, 90880, 595077, 2992
worker, 3, 12, 743510, 2.933746, 61959, 206453, 901
worker, 0, 15, 6164, 0.024322, 410, 787, 180
worker, 1, 15, 14386, 0.056764, 959, 1740, 448
worker, 2, 15, 1337564, 5.277767, 89170, 575834, 1163
worker, 3, 12, 1032088, 4.072418, 86007, 180180, 1125
worker, 0, 15, 6375, 0.025155, 425, 830, 318
worker, 1, 15, 51377, 0.202724, 3425, 39431, 408
worker, 2, 15, 1589118, 6.270350, 105941, 515271, 3805
worker, 3, 12, 242787, 0.957990, 20232, 163714, 5488
worker, 0, 15, 5224, 0.020613, 348, 605, 256
worker, 1, 15, 15587, 0.061503, 1039, 1485, 548
worker, 2, 15, 1990345, 7.853514, 132689, 506684, 2976
worker, 3, 12, 958635, 3.782587, 79886, 182384, 5930
worker, 0, 15, 6491, 0.025612, 432, 924, 151
worker, 1, 3, 1983, 0.007825, 661, 1002, 393
worker, 2, 15, 607613, 2.397523, 40507, 185363, 6112
worker, 3, 12, 552346, 2.179450, 46028, 186006, 5718
worker, 0, 15, 6710, 0.026476, 447, 825, 262
worker, 1, 2, 1416, 0.005587, 708, 922, 494
worker, 2, 15, 1345002, 5.307116, 89666, 513528, 6191
worker, 3, 12, 400111, 1.578760, 33342, 191923, 6656
worker, 0, 15, 5293, 0.020885, 352, 583, 239
worker, 2, 15, 2254617, 8.896280, 150307, 582267, 3814
worker, 3, 12, 416069, 1.641727, 34672, 195523, 6575
worker, 0, 15, 4457, 0.017586, 297, 503, 142
worker, 1, 14, 10679, 0.042137, 762, 1110, 356
worker, 2, 15, 2031717, 8.016760, 135447, 530692, 1534
worker, 3, 12, 633555, 2.499885, 52796, 271651, 6233
worker, 0, 15, 5714, 0.022546, 380, 665, 200
worker, 1, 14, 14519, 0.057289, 1037, 1395, 589
worker, 2, 15, 1835831, 7.243832, 122388, 507987, 3860
worker, 3, 12, 223573, 0.882176, 18631, 134276, 6362
worker, 0, 15, 5250, 0.020715, 350, 470, 220
worker, 1, 14, 13334, 0.052613, 952, 1963, 301
worker, 2, 15, 2048467, 8.082852, 136564, 491221, 3528
worker, 3, 12, 376141, 1.484179, 31345, 199589, 1603
worker, 0, 15, 38870, 0.153373, 2591, 33824, 230
worker, 1, 12, 10978, 0.043317, 914, 1313, 438
worker, 2, 15, 1162161, 4.585661, 77477, 344348, 3786
worker, 3, 12, 535121, 2.111483, 44593, 184616, 5234
worker, 0, 15, 5726, 0.022594, 381, 872, 162
worker, 1, 14, 14197, 0.056019, 1014, 1814, 381
worker, 2, 15, 1950665, 7.696945, 130044, 481637, 4787
worker, 3, 12, 538592, 2.125179, 44882, 172679, 6367
worker, 0, 15, 4693, 0.018518, 312, 575, 141
worker, 1, 14, 13397, 0.052862, 956, 2117, 410
worker, 2, 15, 1977975, 7.804705, 131865, 613724, 1698
worker, 3, 12, 518865, 2.047340, 43238, 178656, 5288
worker, 0, 15, 5332, 0.021039, 355, 650, 185
worker, 1, 12, 9678, 0.038188, 806, 1160, 590
worker, 2, 15, 1304841, 5.148649, 86989, 333230, 1533
worker, 3, 12, 431150, 1.701234, 35929, 193771, 2280
worker, 0, 15, 6506, 0.025671, 433, 958, 228
worker, 1, 2, 2502, 0.009872, 1251, 1555, 947
worker, 2, 15, 847124, 3.342587, 56474, 271797, 1405
worker, 3, 12, 542630, 2.141112, 45219, 181893, 1290
worker, 0, 15, 5886, 0.023225, 392, 822, 250
worker, 1, 2, 1505, 0.005938, 752, 955, 550
worker, 2, 15, 1266787, 4.998495, 84452, 435616, 4350
worker, 3, 12, 68853, 0.271681, 5737, 8472, 632

Schedule calls
Trigger, Occurrences
runner.nextIteration, 13
runner.done, 1
worker.next, 3
worker.next, 3
worker.next, 3
worker.next, 3
worker.next, 3
worker.next, 3
worker.next, 3
worker.next, 2
worker.next, 3
worker.next, 3
worker.next, 3
worker.next, 3
worker.next, 3
worker.next, 3
worker.next, 3
worker.next, 3
worker.next, 3
worker.next, 3
worker.next, 3
worker.next, 3
worker.next, 3
worker.next, 3
worker.next, 3
worker.next, 3
worker.next, 3
worker.next, 3
worker.next, 3
worker.next, 3
worker.next, 3
worker.next, 3
worker.next, 3
worker.next, 3
worker.next, 3
worker.next, 3
worker.next, 3
worker.next, 3
worker.next, 3
worker.next, 3
worker.next, 3
worker.next, 3
worker.next, 3
worker.next, 3
worker.next, 3
worker.next, 3
worker.next, 3
worker.next, 3
worker.next, 3
worker.next, 3
worker.next, 3
worker.next, 3
worker.next, 3
worker.next, 3
worker.next, 3
worker.next, 3
worker.next, 3
worker.next, 3
worker.next, 3
worker.next, 3
worker.next, 3
worker.next, 3
worker.next, 3
worker.next, 3
worker.next, 3
worker.next, 3
worker.next, 3
worker.next, 3
worker.next, 3
worker.next, 3
worker.next, 3
worker.next, 3
worker.next, 3
worker.next, 3
worker.next, 3
worker.next, 3
worker.next, 3
worker.next, 3
worker.next, 3
worker.next, 3
worker.next, 3
worker.next, 3
worker.next, 3
worker.next, 3
worker.next, 3
worker.next, 3
worker.next, 3
worker.next, 3
worker.next, 3
worker.next, 3
worker.next, 3
worker.next, 3
worker.next, 3
worker.next, 3
worker.next, 3
worker.next, 3
worker.next, 3
worker.next, 3
worker.next, 3
worker.next, 3
worker.next, 3
worker.next, 3
worker.next, 3
worker.next, 3
worker.next, 3
worker.next, 3
worker.next, 3
worker.next, 3
worker.next, 3
worker.next, 3
worker.next, 3
worker.next, 3
worker.next, 3
worker.next, 3
worker.next, 3
worker.next, 3
worker.next, 3
worker.next, 3
worker.next, 3
worker.next, 3
worker.next, 3
worker.next, 3
